id,value_550
3,0.15387768
25,0.12068261
26,0.09707876
27,0.07365133
29,0.078944124
30,0.11119426
33,0.11543222
34,0.1494565
36,0.23699966
41,0.078599356
52,0.14947854
71,0.09371872
75,0.08182868
77,0.109420285
80,0.07059055
85,0.427617
87,0.42397654
95,0.107517585
98,0.117255054
110,0.12964909
114,0.24807906
124,0.09454891
128,0.078329995
129,0.12211032
141,0.09910953
151,0.11424225
161,0.059408106
167,0.086272
170,0.09977138
172,0.10231848
174,0.08579498
179,0.07084771
182,0.08754425
188,0.11629343
190,0.12811998
192,0.13000166
193,0.1162005
195,0.16054155
198,0.0939669
199,0.15286075
210,0.17865591
212,0.1645493
219,0.12059722
221,0.076306395
229,0.16509739
232,0.23496869
233,0.24584128
237,0.2583083
240,0.15632994
249,0.14709687
254,0.06476613
256,0.07188128
258,0.07964752
263,0.09983699
264,0.13344315
266,0.14443335
268,0.13976897
272,0.11345918
274,0.13831264
276,0.16099733
282,0.06928927
284,0.077147305
287,0.08573307
291,0.0803529
293,0.074464634
297,0.083829805
301,0.09814066
309,0.12234756
311,0.1357952
312,0.09775236
313,0.101987064
320,0.124234386
323,0.120958544
324,0.11129061
330,0.11800332
336,0.13404572
343,0.09699118
352,0.07346755
353,0.07406152
366,0.10122654
367,0.10525536
368,0.11283789
371,0.11337374
375,0.10609096
381,0.11019196
389,0.1235545
390,0.1215843
395,0.09225741
396,0.09923428
398,0.109899186
404,0.12696967
407,0.12377498
409,0.13389972
411,0.13528301
418,0.076315135
423,0.13124669
429,0.12370687
442,0.15343271
443,0.21187717
446,0.15198623
448,0.15037642
453,0.12215071
454,0.08907141
455,0.088277586
460,0.088868424
466,0.12784499
470,0.18919292
479,0.13750422
484,0.12410291
488,0.09738739
497,0.12999187
504,0.07806891
510,0.122925825
516,0.8097562
522,0.35214156
523,0.3922817
537,0.3565161
550,0.14000534
563,0.11299948
564,0.10907036
565,0.10470673
566,0.11093803
571,0.14352281
572,0.1678006
576,0.11714524
588,0.08989169
592,0.09276697
598,0.07382375
612,0.1537202
613,0.16915888
616,0.10572469
618,0.13512431
625,0.21862426
627,0.25269738
642,0.07593738
645,0.23467904
650,0.08052066
661,0.18437853
662,0.13605495
663,0.12075557
671,0.10667205
682,0.11218942
690,0.17145641
696,0.14368317
697,0.14314239
698,0.37610507
703,0.3999719
705,0.33788764
706,0.5071452
710,0.68334323
713,0.078969054
722,0.08455055
730,0.10621736
734,0.121659905
740,0.14372367
744,0.13456486
746,0.14208238
755,0.15509486
758,0.1611414
759,0.14324579
765,0.13912538
773,0.08858846
774,0.07562192
778,0.07706411
779,0.07383625
781,0.09557779
782,0.077762395
788,0.11023386
789,0.12364002
791,0.12001487
796,0.13210714
797,0.11836187
798,0.13420115
799,0.12386128
805,0.12153073
806,0.12468686
807,0.12555242
816,0.13568369
822,0.14301117
829,0.12412301
830,0.15498036
838,0.0874944
840,0.0758254
845,0.07310921
852,0.0806476
858,0.08220764
874,0.18032183
884,0.06862495
898,0.13755059
909,0.15331575
915,0.15129547
921,0.12986062
923,0.1403198
927,0.117439225
934,0.08459528
945,0.17250805
946,0.18144193
951,0.16181152
953,0.11181869
959,0.08231075
961,0.07838249
964,0.12086535
972,0.15152882
973,0.16252226
975,0.1638506
977,0.16082309
981,0.14964648
984,0.09170967
987,0.08654158
1000,0.1324768
1008,0.121167526
1016,0.17658201
1023,0.13669997
1032,0.14083032
1035,0.15008989
1036,0.13916604
1057,0.12518017
1061,0.08448086
1063,0.087163225
1064,0.09831542
1090,0.16382053
1102,0.18403636
1103,0.16373233
1105,0.15901266
1108,0.15850312
1113,0.17147076
1121,0.15952237
1124,0.19538623
1126,0.18686387
1127,0.15983999
1129,0.18151653
1132,0.1422218
1138,0.13771647
1158,0.14971657
1162,0.28297246
1165,0.14036095
1166,0.07368764
1185,0.1333818
1188,0.12158066
1194,0.12908189
1199,0.08704702
1210,0.13066213
1228,0.07833515
1231,0.1366164
1233,0.106753916
1235,0.14693527
1240,0.06615372
1243,0.06565586
1249,0.07616776
1251,0.088806115
1252,0.08384316
1256,0.0927213
1263,0.08087153
1268,0.11990551
1270,0.53307796
1271,0.12725873
1274,0.061991986
1276,0.087924264
1278,0.16650248
1282,0.1474537
1287,0.122423016
1288,0.0760891
1294,0.069995284
1296,0.09599225
1297,0.1178107
1316,0.6354307
1319,0.11366919
1321,0.12845013
1324,0.11367748
1326,0.07006405
1330,0.10539785
1333,0.09551163
1341,0.44370914
1343,0.5065698
1345,0.44516498
1348,0.3411418
1353,0.76678705
1355,0.3175063
1358,0.2878777
1365,0.15820703
1368,0.1687393
1369,0.16053466
1381,0.17565942
1404,0.08643112
1408,0.12951905
1422,0.14146417
1423,0.14714707
1432,0.09308928
1448,0.19970635
1452,0.16232163
1453,0.20849878
1459,0.2123878
1472,0.09021162
1478,0.15481408
1483,0.17142454
1484,0.16704935
1492,0.10570508
1501,0.13305971
1502,0.12695745
1512,0.14926255
1529,0.33912116
1538,0.29878518
1539,0.33708504
1540,0.34260365
1547,0.35649022
1551,0.22069484
1552,0.25029933
1558,0.33195674
1565,0.29172042
1566,0.31543785
1567,0.31716537
1574,0.15478368
1575,0.39535272
1578,0.28652275
1580,0.355447
1581,0.4325776
1584,0.34128535
1600,0.07093498
1604,0.09631498
1605,0.087102145
1611,0.08768624
1612,0.084562875
1614,0.11352335
1616,0.11480363
1617,0.09446499
1626,0.07123698
1634,0.13457996
1635,0.14390711
1641,0.12692443
1656,0.082604535
1664,0.096005574
1665,0.094674826
1672,0.08389048
1676,0.082677275
1683,0.14866333
1692,0.33538365
1695,0.3617569
1696,0.26337728
1700,0.4819827
1701,0.48019856
1704,0.34477088
1706,0.36447135
1712,0.49492818
1713,0.31618562
1721,0.27490354
1722,0.28124627
1737,0.12861642
1739,0.1137449
1740,0.07729962
1743,0.11467511
1746,0.21269089
1747,0.17457607
1756,0.09034675
1763,0.17338589
1768,0.17874369
1772,0.16927356
1774,0.10822349
1785,0.14917047
1786,0.14894341
1790,0.15505251
1795,0.12289824
1798,0.14603296
1802,0.14487347
1805,0.15069366
1808,0.2826491
1812,0.11395149
1814,0.098530784
1816,0.08907321
1821,0.086479835
1823,0.08805546
1828,0.19414505
1831,0.068637624
1834,0.17257848
1853,0.074212
1856,0.14317837
1876,0.10025038
1877,0.09826875
1881,0.29941785
1892,0.14995481
1901,0.08818493
1922,0.09736879
1923,0.12013626
1926,0.083198644
1932,0.15085687
1935,0.13653448
1941,0.16442816
1942,0.13037944
1947,0.0776089
1958,0.14886615
1962,0.47413445
1963,0.32410437
1979,0.13609244
1980,0.14956094
1985,0.13563596
1995,0.16063881
1999,0.12342395
2005,0.14137168
2009,0.1525532
2014,0.09517717
2015,0.10431179
2016,0.071452126
2020,0.13565278
2021,0.13647072
2028,0.070442595
2035,0.07804331
2039,0.12970442
2040,0.13164797
2043,0.08547891
2049,0.14023918
2052,0.07570182
2066,0.09957083
2067,0.16335174
2071,0.07006359
2079,0.07063513
2081,0.07372582
2082,0.074101806
2090,0.1276356
2097,0.11952864
2098,0.12077581
2099,0.13106124
2103,0.09425221
2111,0.07328722
2112,0.07797654
2122,0.11894316
2123,0.11910401
2130,0.0630365
2132,0.06691345
2141,0.10995538
2142,0.07487578
2144,0.084373385
2159,0.13016741
2161,0.08423822
2162,0.08198336
2164,0.081434295
2165,0.09485183
2167,0.12220863
2171,0.14571518
2174,0.122015454
2175,0.120143145
2176,0.12546006
2179,0.14388159
2180,0.14681768
2189,0.2017656
2194,0.1811538
2196,0.17892987
2202,0.24871522
2206,0.1365906
2209,0.19081475
2214,0.23243625
2216,0.18202662
2222,0.1395757
2231,0.6479162
2237,0.09083952
2238,0.08084096
2239,0.08703106
2240,0.19261435
2242,0.21153903
2254,0.13873622
2255,0.16874728
2256,0.14936374
2271,0.09341836
2273,0.11167961
2275,0.11967111
2278,0.13355194
2280,0.1449579
2289,0.22723958
2292,0.27100462
2296,0.07548842
2299,0.13896237
2302,0.18029878
2312,0.07523303
2313,0.12137437
2318,0.15025233
2319,0.12069003
2330,0.096277
2334,0.09993082
2338,0.073623314
2342,0.10311735
2345,0.14457163
2348,0.21703288
2349,0.1473794
2350,0.14995858
2353,0.083193526
2356,0.1473355
2372,0.0917159
2378,0.13568148
2381,0.07279761
2382,0.13887921
2383,0.12151327
2385,0.14033064
2398,0.11481619
2403,0.16348405
2409,0.15681933
2414,0.25445402
2423,0.15001479
2424,0.13372886
2426,0.15252969
2431,0.11634132
2450,0.12112816
2456,0.093971
2457,0.13929453
2459,0.12341994
2461,0.12482311
2462,0.12232606
2468,0.11232434
2476,0.09504113
2493,0.12724851
2494,0.12222157
2495,0.12202621
2505,0.10374671
2521,0.29687136
2523,0.2813657
2528,0.2488401
2533,0.14274429
2536,0.13800082
2546,0.08880128
2548,0.08896676
2556,0.07856874
2558,0.09111047
2561,0.09867531
2570,0.33492112
2571,0.12828542
2573,0.10557278
2590,0.08104851
2594,0.10050986
2595,0.09871453
2598,0.0946574
2602,0.13728996
2609,0.087019436
2610,0.090663314
2614,0.09150064
2616,0.14957702
2617,0.07392706
2629,0.09543156
2631,0.12724635
2634,0.11035233
2635,0.10474199
2640,0.12666197
2641,0.2405316
2646,0.1073306
2648,0.13301715
2649,0.15439811
2657,0.10721224
2688,0.13215542
2697,0.09740029
2702,0.15079454
2708,0.10373746
2714,0.14010412
2723,0.19308743
2726,0.11102492
2727,0.13310418
2732,0.064805076
2734,0.076424226
2736,0.06974797
2737,0.081406236
2744,0.08211231
2748,0.11934345
2751,0.1238627
2752,0.11581491
2754,0.11525516
2755,0.09097807
2756,0.11178368
2757,0.082899936
2762,0.075574815
2777,0.10653077
2785,0.0752535
2788,0.08049309
2791,0.07535015
2796,0.075372174
2803,0.077627644
2812,0.073237866
2821,0.14919789
2835,0.17294447
2837,0.1784946
2845,0.12489347
2847,0.14122531
2848,0.14833826
2853,0.16293336
2854,0.13102198
2857,0.17157456
2859,0.13257234
2860,0.18205655
2861,0.14712878
2875,0.14419484
2877,0.1256454
2880,0.10160549
2885,0.12337147
2887,0.13158152
2903,0.16788378
2906,0.14388414
2908,0.14817023
2913,0.08315033
2914,0.09683663
2917,0.09588667
2925,0.08876073
2927,0.1438285
2931,0.09763494
2933,0.16162771
2934,0.1996691
2938,0.103101194
2946,0.12666191
2947,0.0937202
2949,0.12803808
2969,0.08498607
2975,0.07836557
2977,0.07806048
2978,0.079894945
2992,0.10576375
2993,0.12662825
3008,0.41956198
3011,0.09826757
3012,0.103730425
3017,0.4452049
3023,0.4663006
3036,0.7159304
3038,0.50564396
3040,0.4406774
3044,0.4453439
3045,0.54434466
3049,0.91706234
3061,0.41590062
3063,0.4647863
3068,1.4041448
3070,0.6495605
3074,0.12952106
3092,0.13938493
3096,0.12628812
3098,0.13569163
3101,0.09913831
3119,0.08162808
3121,0.08047499
3124,0.10389447
3128,0.08316524
3131,0.082045384
3132,0.09771784
3139,0.09552593
3140,0.090367116
3142,0.10682204
3147,0.074491724
3149,0.11062683
3155,0.082275644
3163,0.33901826
3164,0.24495357
3173,0.102063
3176,0.08243364
3180,0.15979593
3183,0.17065966
3190,0.15362132
3191,0.14048456
3199,0.1377702
3203,0.07410063
3217,0.07631953
3219,0.11282199
3229,0.057409205
3232,0.057991065
3238,0.08357809
3244,0.07188396
3248,0.06798528
3250,0.12447566
3258,0.12189377
3261,0.12302445
3264,0.16138324
3269,0.08529734
3276,0.13853681
3281,0.13803071
3295,0.68883073
3299,0.5980452
3302,0.24834862
3309,0.7358628
3315,0.65999025
3317,0.213258
3318,0.20514333
3319,0.43823585
3321,0.13997044
3324,0.15983772
3325,0.16079688
3332,0.3473552
3338,0.14309102
3339,0.20099397
3340,0.17619948
3344,0.14453992
3345,0.13926652
3347,0.13204518
3350,0.24171278
3358,0.17959699
3359,0.16205223
3360,0.13902661
3362,0.09998035
3370,0.0706625
3374,0.09479312
3378,0.13464788
3379,0.2210031
3387,0.051348224
3399,0.109000355
3401,0.11478406
3405,0.08676296
3410,0.100377254
3415,0.122954935
3416,0.15772241
3417,0.14679705
3428,0.10352187
3436,0.11849104
3438,0.2108033
3439,0.108345546
3443,0.2916672
3446,0.30457217
3447,0.23194972
3451,0.20994464
3453,0.2113902
3464,0.35385072
3471,0.09626999
3472,0.09036546
3474,0.09070773
3476,0.082425974
3480,0.09754934
3482,0.10480585
3486,0.2051809
3487,0.21627095
3494,0.23271173
3495,0.18289232
3498,0.24011067
3508,0.17474788
3511,0.30030164
3513,0.35095495
3514,0.28170836
3520,0.12262566
3536,0.10214541
3538,0.07281707
3549,0.16187501
3551,0.13785292
3560,0.12895972
3562,0.13871823
3567,0.07846692
3572,0.12802115
3573,0.12996963
3577,0.11555839
3582,0.1767826
3585,0.16964777
3588,0.16999474
3594,0.1936573
3596,0.17590964
3604,0.20037052
3608,0.19864634
3611,0.17337216
3612,0.17032167
3618,0.2135975
3627,0.18656719
3630,0.20086208
3635,0.18688165
3638,0.07712094
3639,0.083311215
3645,0.12801085
3651,0.14977102
3654,0.15071449
3656,0.14987981
3657,0.15510523
3662,0.15111639
3671,0.14390528
3684,0.12777403
3690,0.16115972
3699,0.16017294
3704,0.147106
3709,0.15248689
3714,0.12597547
3715,0.12835838
3716,0.12630507
3721,0.11610317
3741,0.09622605
3745,0.10372089
3767,0.13998652
3775,0.14432569
3777,0.13653497
3779,0.13970408
3784,0.12911303
3788,0.12874945
3793,0.13159364
3799,0.134149
3800,0.17173707
3804,0.1433341
3807,0.1427811
3814,0.13623701
3818,0.15889674
3819,0.1601328
3823,0.12198133
3827,0.12112953
3830,0.12234346
3836,0.09769119
3842,0.100666665
3852,0.12075303
3854,0.12007506
3864,0.13900104
3882,0.14066365
3892,0.147967
3897,0.10488199
3901,0.11038554
3906,0.120498255
3907,0.12098987
3919,0.1360543
3924,0.13200636
3941,0.13046506
3944,0.07285694
3945,0.11609682
3949,0.10238148
3952,0.16859698
3956,0.12075254
3957,0.09594998
3968,0.12678494
3971,0.17025524
3978,0.1439685
3979,0.14955223
3980,0.13588017
3983,0.11336777
4004,0.08371228
4008,0.07300201
4016,0.077883355
4024,0.07560111
4028,0.066812284
4038,0.09119609
4041,0.10198514
4044,0.07050777
4052,0.08949222
4065,0.0974818
4066,0.1062114
4067,0.10748991
4075,0.07532056
4076,0.08844114
4079,0.12133775
4086,0.11378941
4090,0.14571589
4091,0.16077408
4096,0.15566999
4097,0.1597719
4098,0.15154839
4104,0.13413334
4105,0.14028884
4108,0.16501474
4109,0.15122369
4115,0.18090928
4117,0.16259447
4121,0.14486083
4127,0.11263776
4128,0.117621094
4137,0.10927306
4139,0.14124136
4140,0.106208
4146,0.121141806
4149,0.12574492
4151,0.15998678
4153,0.16556132
4155,0.14023605
4167,0.1059469
4172,0.12442539
4174,0.11084779
4187,0.15051189
4188,0.14458166
4190,0.1310399
4195,0.1036901
4199,0.10188904
4200,0.104644775
4201,0.13247587
4209,0.12387074
4213,0.14559029
4226,0.1618205
4227,0.161342
4233,0.15800881
4237,0.13857797
4249,0.08269605
4258,0.12722299
4261,0.1430098
4262,0.19479598
4267,0.3188263
4276,0.08723025
4280,0.09994368
4281,0.5845608
4283,0.36749706
4303,0.42767763
4309,0.4125002
4310,0.43638605
4315,0.3884678
4316,0.3786446
4319,0.31651115
4320,0.28940225
4324,0.23123984
4342,0.32264206
4347,0.2938096
4356,0.36195645
4362,0.7430102
4364,0.48681468
4366,0.4584059
4373,0.114019126
4378,0.053801633
4384,0.07258901
4385,0.07869692
4401,0.19301817
4402,0.0739996
4404,0.0705342
4405,0.0942073
4406,0.09845703
4411,0.07625145
4416,0.22510055
4421,0.1177605
4423,0.111361496
4425,0.120011084
4427,0.1236721
4429,0.1426977
4433,0.20621568
4438,0.13452892
4442,0.17246729
4446,0.1298244
4454,0.14845048
4472,0.11972507
4474,0.12953597
4480,0.13816479
4484,0.366115
4485,0.24666876
4501,0.07811542
4504,0.09386465
4521,0.13704108
4534,0.1304356
4539,0.11405529
4541,0.12473493
4558,0.09816092
4562,0.1934143
4566,0.3133711
4568,0.37564746
4579,0.066326275
4585,0.07125319
4593,0.088181935
4594,0.099202156
4596,0.17591745
4598,0.079111494
4604,0.090305
4608,0.16057709
4610,0.13895689
4611,0.14325796
4612,0.07445292
4617,0.07270981
4619,0.10754372
4638,0.17576265
4650,0.1116947
4655,0.28235242
4658,0.21511367
4662,0.0933585
4667,0.083432496
4670,0.062128387
4671,0.10599563
4672,0.111471385
4673,0.113388985
4674,0.08176175
4683,0.13382925
4690,0.09336868
4696,0.12881137
4708,0.1355321
4710,0.07675591
4712,0.07636852
4716,0.116170906
4721,0.123658195
4722,0.12772349
4727,0.13875088
4728,0.12478593
4729,0.096366175
4747,0.078866385
4748,0.16511072
4750,0.20775008
4761,0.14698495
4763,0.17096157
4764,0.14721303
4765,0.15302806
4770,0.112557314
4779,0.084383786
4786,0.122980386
4794,0.08588086
4797,0.14233379
4805,0.17931189
4808,0.1313113
4811,0.17140141
4815,0.19015762
4818,0.15813741
4819,0.15371309
4821,0.06214169
4822,0.07975359
4832,0.07502545
4837,0.07020897
4838,0.06457336
4854,0.069501236
4856,0.06913277
4859,0.07731647
4861,0.07681465
4865,0.0759673
4873,0.4447359
4875,0.12829386
4880,0.13337854
4883,0.09495558
4889,0.13778184
4890,0.120718464
4893,0.11750903
4902,0.13419999
4904,0.07266607
4908,0.0802147
4909,0.10132277
4916,0.09117964
4936,0.15753765
4944,0.11619216
4945,0.06668037
4948,0.088101916
4952,0.071887076
4955,0.12838683
4961,0.17127328
4963,0.17354566
4964,0.1436049
4966,0.17548326
4967,0.13148576
4970,0.123932235
4984,0.12635064
4986,0.12815185
4989,0.13053977
4991,0.13212484
4993,0.07538827
5001,0.07944159
5009,0.08221102
5013,0.13000709
5016,0.33977783
5025,0.10357318
5026,0.07347892
5034,0.09205173
5037,0.107493386
5041,0.07061449
5047,0.09655021
5055,0.08074772
5056,0.086795375
5058,0.12482601
5065,0.11168209
5067,0.08391052
5069,0.13307156
5075,0.07312458
5081,0.1718956
5083,0.109998755
5086,0.10982533
5087,0.1381364
5088,0.06329468
5089,0.08133097
5098,0.07106137
5099,0.07790099
5108,0.09370223
5111,0.40641314
5121,0.10171964
5125,0.079191
5127,0.09769416
5130,0.09306013
5134,0.06460965
5143,0.106219925
5157,0.18548767
5159,0.0705125
5160,0.050044037
5164,0.13508438
5193,0.086444706
5197,0.06861012
5201,0.06264002
5204,0.07732032
5213,0.072875254
5214,0.10346518
5224,0.072172925
5232,0.064494915
5234,0.06602095
5238,0.106260255
5241,0.13340628
5260,0.10078445
5270,0.13240126
5273,0.12670474
5277,0.113206774
5281,0.13349105
5284,0.16444966
5286,0.14533481
5291,0.086902425
5293,0.078375734
5306,0.07871835
5308,0.042614482
5310,0.07437432
5311,0.07658742
5319,0.12742974
5321,0.12444734
5322,0.12836494
5324,0.1341041
5331,0.12211197
5332,0.12989122
5335,0.12954053
5337,0.13438495
5338,0.1297848
5344,0.14124916
5353,0.12521443
5357,0.13182265
5369,0.1127063
5373,0.11902201
5375,0.11633679
5383,0.09805687
5384,0.084502846
5396,0.100057095
5423,0.093889356
5426,0.10485998
5433,0.078820616
5434,0.07902077
5439,0.097306445
5450,0.081429705
5451,0.08915749
5453,0.35995898
5456,0.06938492
5469,0.1414405
5470,0.14191757
5477,0.08100943
5482,0.079394184
5483,0.07881348
5495,0.13511021
5498,0.13610518
5500,0.10720865
5511,0.1311926
5512,0.13657102
5523,0.070591465
5524,0.071742594
5525,0.07805591
5530,0.114383854
5531,0.10953244
5537,0.120834455
5541,0.1235618
5543,0.076159105
5544,0.068207994
5548,0.07149693
5561,0.123214275
5579,0.10941704
5583,0.060147017
5586,0.07970278
5589,0.22113213
5594,0.07912424
5597,0.37387073
5603,0.14406197
5605,0.1504591
5607,0.15950654
5616,0.13679399
5620,0.089402735
5627,0.14072232
5639,0.15720215
5648,1.4897132
5649,1.3350205
5651,0.39486882
5654,0.37934747
5655,0.3396428
5656,0.3387948
5661,0.1940257
5664,0.21698767
5672,0.1212286
5673,0.10372885
5675,0.11716041
5681,0.3740793
5695,0.25859702
5701,0.5120218
5704,0.3751626
5707,0.3835742
5711,0.35512456
5714,0.31346366
5721,0.16983086
5725,0.20789406
5727,0.4003119
5728,0.077353835
5731,0.12009841
5734,0.07796079
5740,0.06988673
5741,0.06513587
5752,0.12652214
5754,0.13811262
5765,0.07461274
5767,0.11590418
5770,0.2541732
5771,0.16990307
5772,0.07601265
5775,0.07589891
5776,0.075820774
5782,0.07692136
5783,0.07548857
5786,0.07634665
5788,0.07624293
5789,0.074866526
5795,0.075328946
5797,0.074897766
5803,0.07390824
5804,0.07659145
5806,0.07360372
5808,0.0753043
5811,0.07492343
5817,0.073623806
5821,0.072336316
5829,0.07314562
5830,0.07492666
5834,0.06937042
5835,0.07478087
5837,0.07072183
5841,0.0736592
5842,0.07508191
5852,0.07213734
5857,0.0776372
5873,0.08042982
5874,0.07691225
5877,0.083449714
5879,0.079715356
5906,0.17385998
5907,0.12216656
5908,0.11235181
5911,0.15203929
5913,0.1727833
5914,0.16646084
5925,0.21937546
5926,0.12784332
5927,0.27263638
5931,0.20434539
5938,0.17889488
5949,0.1662382
5951,0.16319981
5958,0.105301104
5959,0.105786495
5960,0.104332514
5975,0.07757694
5980,0.07457448
5985,0.060389902
5995,0.063633785
6000,0.05663824
6004,0.063993864
6007,0.07547555
6023,0.06916962
6030,0.071206115
6033,0.06754172
6046,0.062437586
6054,0.24606499
6056,0.26128733
6063,0.13448404
6070,0.122706965
6072,0.11987644
6075,0.19515654
6077,0.14462948
6081,0.18540232
6082,0.19032353
6090,0.11158962
6097,0.16134375
6108,0.14047113
6112,0.15068804
6116,0.105247945
6117,0.13903382
6127,0.132689
6129,0.1470129
6133,0.18916334
6141,0.08258821
6156,0.13963148
6157,0.18385169
6161,0.090604655
6167,0.13405365
6170,0.17811517
6181,0.09166665
6186,0.14090745
6198,0.07629318
6206,0.14722142
6209,0.12746318
6212,0.08690967
6216,0.121630386
6219,0.20128915
6220,0.14198568
6221,0.18750751
6234,0.18778041
6235,0.10380159
6236,0.10871176
6238,0.13832381
6249,0.10284626
6251,0.1137268
6255,0.1336486
6257,0.107815415
6261,0.07739307
6262,0.08072998
6264,0.10102896
6276,0.13223305
6280,0.1354746
6285,0.13653056
6293,0.12819666
6294,0.07660662
6295,0.07180315
6296,0.07405354
6297,0.07287656
6298,0.07044025
6306,0.12163602
6311,0.12049402
6313,0.12171465
6316,0.1296795
6317,0.109630264
6319,0.07717746
6325,0.096067905
6327,0.12590674
6333,0.16200541
6335,0.08306555
6336,0.07668617
6337,0.14945573
6338,0.13661458
6339,0.12809452
6341,0.15421268
6356,0.081936255
6359,0.10376099
6363,0.113013856
6367,0.12664858
6368,0.12436539
6370,0.07296853
6373,0.069817275
6377,0.06812224
6386,0.11511024
6387,0.12947135
6388,0.122326754
6391,0.12900157
6398,0.07533239
6401,0.12417018
6406,0.07550382
6417,0.3402695
6427,0.976697
6429,1.1213198
6439,0.21113795
6441,0.076809645
6443,0.25058243
6448,0.15976864
6454,0.103176154
6469,0.15117663
6471,0.14878124
6475,0.09866162
6476,0.09091148
6477,0.09052308
6490,0.14759448
6495,0.1480285
6506,0.20898473
6510,0.1508254
6514,0.08863916
6521,0.17337614
6522,0.15573944
6523,0.1491045
6524,0.14466867
6534,0.13974932
6547,0.12300204
6559,0.13507809
6567,0.14998579
6568,0.14267981
6585,0.15552594
6588,0.20672718
6591,0.1786032
6596,0.1661762
6613,0.18025252
6618,0.07864267
6620,0.08913633
6622,0.0768995
6630,0.06463198
6631,0.0653372
6633,0.050425433
6634,0.066155165
6638,0.08567273
6645,0.07859869
6650,0.063384295
6653,0.043767363
6672,0.07865835
6675,0.08191717
6676,0.07374176
6682,0.07221915
6683,0.08027515
6685,0.07695422
6689,0.13445729
6690,0.1193191
6705,0.082662344
6712,0.31476507
6713,0.33540797
6714,0.3195974
6719,0.23592804
6721,0.28215522
6726,0.09521213
6732,0.18908502
6735,0.104327366
6736,0.09907088
6739,0.080699176
6754,0.070962
6755,0.12883529
6757,0.0823502
6764,0.089185484
6765,0.084468424
6766,0.06861663
6768,0.09952541
6770,0.079410836
6781,0.0614855
6783,0.06347076
6784,0.06709794
6786,0.065819636
6800,0.07253897
6805,0.08083604
6810,0.11079706
6844,0.08108351
6846,0.07423502
6853,0.08271757
6854,0.10048379
6855,0.07755278
6859,0.14609243
6871,0.050292403
6877,0.08984192
6887,0.11943694
6889,0.095891654
6890,0.09544714
6891,0.09420648
6899,0.151162
6902,0.17382324
6916,0.13054599
6920,0.13973339
6925,0.14744674
6926,0.15273592
6928,0.16426104
6933,0.08884449
6946,0.20239967
6958,0.14537773
6966,0.11930829
6992,0.12660803
6999,0.14801294
7002,0.16547078
7004,0.064543396
7006,0.06298506
7010,0.068022214
7011,0.19671538
7012,0.14154977
7017,0.24684486
7018,0.2179384
7019,0.21989548
7020,0.14456329
7022,0.12794822
7027,0.16036448
7032,0.23534346
7033,0.20132336
7034,0.16036566
7039,0.06857452
7042,0.088573165
7046,0.10379778
7067,0.20398253
7068,0.21353985
7070,0.18483073
7078,0.43701354
7079,0.4505172
7080,0.39979786
7090,0.10744877
7092,0.12817906
7101,0.12131029
7103,0.074412964
7111,0.08903306
7112,0.062691
7113,0.06713313
7120,0.13828361
7122,0.2254696
7123,0.16324696
7126,0.20293023
7127,0.3736003
7129,0.17453046
7130,0.3844717
7132,0.40329015
7145,0.26531902
7148,0.4454583
7149,0.21501625
7157,0.31853992
7158,0.45418787
7160,0.4700405
7161,0.3533618
7162,0.3755027
7167,0.20062134
7173,0.18710577
7181,0.078553244
7186,0.14918816
7187,0.17770603
7190,0.15199131
7192,0.10803066
7194,0.20039538
7195,0.12457364
7196,0.13094601
7210,0.13524644
7214,0.17576908
7227,0.149308
7230,0.16749568
7244,0.15367198
7246,0.20934564
7248,0.2078175
7251,0.26748788
7255,0.110271804
7260,0.104383364
7264,0.08184722
7265,0.06318046
7267,0.10573519
7272,0.44367367
7280,0.12581453
7286,0.14962426
7295,0.072518796
7298,0.09059532
7299,0.09309621
7301,0.09349747
7306,0.123173825
7308,0.0678356
7313,0.09808032
7315,0.057466745
7316,0.05898471
7317,0.061899573
7323,0.079934455
7324,0.07631445
7327,0.07447596
7328,0.07697607
7329,0.066926286
7331,0.07256223
7338,0.22891328
7339,0.3433399
7345,0.18229122
7346,0.18475199
7349,0.20508556
7350,0.24699372
7351,0.23462203
7353,0.2625229
7358,0.20334291
7359,0.21468335
7369,0.23834664
7373,0.30261856
7374,0.40239203
7381,0.123551965
7387,0.14879046
7397,0.15041931
7405,0.11290314
7407,0.07183226
7418,0.07382198
7420,0.10195531
7426,0.0854896
7431,0.060365357
7432,0.05272893
7435,0.07638095
7439,0.07717751
7440,0.07926228
7450,0.17573221
7451,0.17307898
7454,0.110278405
7465,0.15383849
7472,0.08273071
7479,0.06983079
7481,0.0717914
7483,0.07219948
7485,0.07163756
7491,0.071401194
7495,0.12682793
7498,0.13034329
7517,0.146905
7521,0.13194922
7524,0.161488
7525,0.21792197
7530,0.113986194
7537,0.26501837
7541,0.16099496
7542,0.13077803
7544,0.1400113
7547,0.1041816
7548,0.12501058
7557,0.13550544
7559,0.13941646
7565,0.10012299
7570,0.1108403
7572,0.09544969
7574,0.09810475
7576,0.10251747
7578,0.09876489
7586,0.10887478
7587,0.1055875
7588,0.10095748
7593,0.099607505
7596,0.10107609
7605,0.09979411
7613,0.10187483
7614,0.10621468
7621,0.09173126
7626,0.08743866
7642,0.08145659
7643,0.082738966
7644,0.077244386
7652,0.07502334
7655,0.076140255
7659,0.07544382
7664,0.07607086
7667,0.07595945
7670,0.07446359
7671,0.074671805
7676,0.07509923
7678,0.07487362
7682,0.07516982
7684,0.07437245
7690,0.0787402
7695,0.0741906
7696,0.07609897
7699,0.07785596
7707,0.07894008
7708,0.07990969
7721,0.07130709
7724,0.074972354
7729,0.0744968
7736,0.074838966
7746,0.07336429
7752,0.074758664
7754,0.0734805
7755,0.07282983
7760,0.0726175
7761,0.061902445
7772,0.073814094
7777,0.09140352
7784,0.088704735
7790,0.08762927
7792,0.06631022
7794,0.06943151
7803,0.075525016
7805,0.068958506
7818,0.06904508
7819,0.08501545
7822,0.07769352
7847,0.08351527
7859,0.08253674
7878,0.07665126
7879,0.074737616
7886,0.07481688
7899,0.07278686
7900,0.06718477
7909,0.06390093
7912,0.059472457
7917,0.05919189
7920,0.06262231
7926,0.065037034
7928,0.061416253
7933,0.07135091
7938,0.07292627
7939,0.07550751
7941,0.072635114
7942,0.074681014
7945,0.07515365
7948,0.075131
7949,0.0757238
7951,0.0757819
7952,0.078501
7959,0.08141205
7966,0.07951562
7973,0.08259823
7978,0.07326639
7981,0.07318248
7985,0.14788987
7994,0.084643446
7998,0.18024817
8007,0.15926236
8009,0.11068565
8011,0.12467892
8016,0.142894
8017,0.14567652
8031,0.1294177
8036,0.07139611
8041,0.081459075
8042,0.09564248
8061,0.14004983
8071,0.1053041
8076,0.14879888
8079,0.13804494
8086,0.16320542
8093,0.087132886
8094,0.14968875
8101,0.120790154
8124,0.10409835
8125,0.26608592
8126,0.36961496
8133,0.17897132
8146,0.07209139
8156,0.10290853
8163,0.081140734
8165,0.07640818
8168,0.11126229
8180,0.08377351
8182,0.07327302
8200,0.090956405
8205,0.08762257
8223,0.07787179
8226,0.10020291
8227,0.11428344
8234,0.93177474
8235,0.10040442
8236,0.15363234
8237,0.09534733
8238,0.09941257
8250,0.22776785
8253,0.2556301
8260,0.16505101
8270,0.1358244
8273,0.12556289
8283,0.07141066
8284,0.07120688
8288,0.10663379
8290,0.12334568
8293,0.13154261
8299,0.13070357
8301,0.13117853
8305,0.12902172
8310,0.13190828
8318,0.11411787
8325,0.0744326
8330,0.071376786
8335,0.13273427
8350,0.20066816
8360,0.21048182
8370,0.23738664
8372,0.17165826
8374,0.17377965
8380,0.19594997
8385,0.23561879
8387,0.3570322
8397,0.29451534
8401,0.24764061
8408,0.21823277
8413,0.16914704
8420,0.25381482
8430,0.10843953
8435,0.110161446
8436,0.0976731
8440,0.12890135
8447,0.13838494
8453,0.07789323
8459,0.06630281
8460,0.07319873
8461,0.07112767
8467,0.16156185
8474,0.18078476
8475,0.19623354
8477,0.23067737
8478,0.23126411
8481,0.22856781
8483,0.17976475
8494,0.11330585
8496,0.12445709
8502,0.119351186
8511,0.15520507
8513,0.15042076
8516,0.15269122
8519,0.14669986
8524,0.15056197
8527,0.18581045
8531,0.19183558
8535,0.16419005
8539,0.11817403
8540,0.12296732
8544,0.12176279
8550,0.12822177
8561,0.13932605
8591,0.082026
8596,0.16144443
8601,0.15034384
8604,0.10764849
8608,0.07333706
8612,0.116992295
8615,0.135628
8620,0.15522766
8626,0.1192788
8630,0.11560153
8631,0.11866762
8640,0.08619943
8642,0.077772304
8644,0.08943608
8650,0.13171418
8654,0.1177275
8657,0.16988282
8659,0.097234644
8662,0.09456985
8663,0.07876306
8665,0.07861455
8667,0.1363346
8669,0.1310723
8671,0.14774218
8680,0.14314824
8683,0.079618655
8684,0.07213357
8690,0.09046817
8694,0.072401196
8696,0.07046233
8699,0.09322597
8706,0.15761203
8709,0.16166553
8711,0.13287435
8712,0.1691043
8713,0.16923551
8714,0.16779262
8715,0.13850325
8716,0.13268924
8726,0.14563882
8727,0.14445058
8730,0.14508799
8735,0.15666574
8740,0.15064146
8744,0.15383981
8746,0.14571646
8750,0.15390512
8751,0.15151136
8752,0.15679744
8756,0.1470353
8765,0.100892216
8766,0.096963674
8770,0.07803601
8771,0.08695843
8773,0.09652628
8778,0.10486113
8779,0.1148837
8782,0.11071055
8783,0.1142885
8795,0.107234746
8810,0.108062185
8815,0.20279199
8817,0.14712158
8823,0.11733185
8830,0.09273099
8833,0.07367383
8839,0.14648587
8843,0.1367042
8846,0.18603843
8852,0.21197918
8853,0.15715204
8858,0.18283463
8860,0.21167779
8861,0.16783229
8864,0.21230924
8867,0.116337344
8868,0.110152304
8880,0.20303059
8884,0.112166494
8887,0.12637502
8889,0.11650934
8890,0.07496731
8892,0.14031473
8904,0.26444393
8905,0.35092184
8906,0.2979082
8912,0.39239025
8913,0.35365003
8931,0.32444206
8934,0.37512678
8936,0.2893533
8940,0.5854772
8944,0.51296014
8946,0.32598647
8947,0.3442154
8953,0.3199753
8955,0.22743091
8956,0.26500493
8957,0.38563895
8958,0.0949246
8959,0.120755374
8960,0.15225253
8962,0.1320612
8964,0.09284471
8976,0.32570478
8984,0.10102053
8985,0.14983235
8990,0.18903452
9004,0.08422248
9009,0.11610424
9018,0.14365609
9025,0.120078035
9026,0.12244931
9036,0.1435878
9040,0.098734826
9042,0.09226497
9043,0.077210635
9045,0.07700511
9047,0.0733678
9049,0.14323178
9050,0.13786006
9052,0.075665034
9053,0.13180056
9069,0.4181576
9071,0.45393273
9078,0.27979407
9089,0.05995316
9092,0.1485674
9095,0.21348125
9100,0.07336104
9105,0.09692925
9108,0.09252053
9112,0.13573644
9116,0.14220104
9121,0.12127055
9123,0.10778822
9129,0.07097666
9130,0.24937096
9132,0.4726618
9135,0.113967836
9136,0.08230068
9149,0.12952767
9150,0.12701069
9151,0.099926256
9153,0.13599162
9154,0.14477792
9165,0.0605072
9170,0.08335602
9181,0.13342114
9192,0.14406025
9193,0.16073647
9199,0.3656138
9201,0.078999296
9206,0.07457459
9209,0.16906783
9212,0.16469897
9213,0.2363285
9227,0.12816094
9230,0.16455045
9237,0.08195189
9257,0.12410127
9258,0.12230501
9261,0.079045534
9264,0.07201943
9266,0.08661918
9267,0.11142179
9268,0.11282183
9272,0.11909559
9280,0.12455855
9285,0.11247254
9292,0.079735085
9297,0.12259376
9299,0.15416089
9302,0.13864306
9303,0.114705905
9308,0.11154909
9312,0.13777058
9340,0.1753456
9363,0.1125043
9377,0.1068953
9378,0.12169991
9387,0.13996309
9388,0.1476782
9398,0.114351995
9403,0.40785992
9404,0.4268551
9405,0.29293108
9410,0.090865254
9411,0.0669896
9412,0.08084676
9415,0.09630951
9416,0.11046942
9420,0.13374689
9421,0.13663052
9422,0.14867069
9429,0.10106867
9437,0.08113534
9441,0.11773608
9443,0.12250115
9454,0.12866141
9459,0.07811549
9463,0.13710451
9466,0.08561842
9467,0.074818484
9468,0.26513448
9479,0.1036903
9483,0.062376495
9485,0.13127965
9488,0.08209071
9509,0.11489728
9512,0.08257358
9514,0.14232403
9517,0.1507103
9526,0.18437718
9527,0.08041911
9529,0.16216752
9533,0.10922322
9534,0.11074777
9536,0.14201249
9543,0.15422204
9545,0.11799474
9554,0.17340395
9556,0.16542397
9557,0.16338032
9563,0.1911201
9565,0.16095415
9568,0.16835633
9574,0.17747276
9577,0.17940322
9584,0.13789956
9588,0.22619931
9590,0.1803236
9595,0.13602355
9605,0.14433423
9608,0.12363776
9610,0.13482381
9611,0.07213794
9612,0.090779334
9614,0.073916286
9618,0.13482127
9624,0.124587774
9625,0.10574585
9626,0.0803186
9632,0.0849535
9652,0.198194
9657,0.08600888
9659,0.46547478
9660,0.5209645
9664,0.106756605
9666,0.42617765
9671,0.32312188
9693,0.06207104
9695,0.14825827
9699,0.1559224
9701,0.15546593
9707,0.17085794
9715,0.16150644
9718,0.13845864
9719,0.1303
9722,0.12939359
9723,0.13301978
9725,0.16489026
9728,0.12181139
9732,0.14243478
9736,0.14945798
9748,0.10858706
9767,0.2901935
9768,0.29337314
9772,0.30791152
9775,0.33237222
9781,0.06538771
9787,0.08741566
9788,0.08204216
9791,0.07300723
9800,0.11384746
9806,0.0891937
9808,0.09225431
9809,0.08169911
9811,0.095326096
9813,0.09620352
9819,0.12479593
9822,0.45037922
9823,0.47589386
9837,0.07259477
9838,0.20893428
9846,0.12950987
9847,0.11378242
9848,0.108392954
9857,0.1083754
9861,0.11919933
9867,0.096496366
9869,0.08637304
9872,0.12749526
9877,0.15133746
9881,0.1631185
9886,0.076810636
9889,0.08765474
9899,0.15874189
9902,0.09849184
9908,0.11742134
9909,0.12475177
9910,0.121286415
9913,0.11084851
9920,0.10702016
9923,0.11561105
9930,0.079605244
9931,0.07595967
9940,0.4383421
9975,0.112357676
9977,0.10077617
9978,0.1383963
9980,0.08321753
9985,0.11827051
9987,0.29551294
9989,0.2015872
9996,0.059271835
10004,0.09360802
10012,0.07993883
10015,0.1204601
10016,0.116886176
10018,0.07832895
10023,0.09485747
10024,0.06364688
10033,0.10034331
10046,0.21173619
10050,0.15504481
10052,0.18986586
10056,0.14052734
10065,0.090281434
10067,0.084497064
10069,0.10265425
10078,0.10268623
10079,0.094685756
10082,0.14020205
10084,0.23372129
10086,0.18918256
10087,0.1475256
10094,0.14375678
10096,0.10129218
10117,0.2184023
10121,0.12883198
10124,0.10739478
10131,0.14830182
10134,0.090482056
10139,0.08272662
10145,0.12796843
10150,0.122381896
10153,0.1738295
10154,0.16789255
10155,0.16767906
10156,0.113833345
10157,0.13260567
10161,0.14520216
10178,0.112410724
10182,0.08807395
10189,0.12746854
10190,0.10640447
10191,0.107885435
10192,0.2686575
10207,0.14710769
10213,0.18479863
10224,0.0680861
10225,0.10029067
10230,0.09670171
10232,0.0742095
10233,0.11752335
10235,0.12634315
10236,0.12257142
10237,0.07222088
10243,0.121662475
10246,0.08709663
10258,0.11617029
10271,0.15347475
10279,0.10171811
10295,0.07528084
10301,0.12116056
10302,0.12692821
10311,0.10594935
10312,0.06495401
10316,0.07611196
10317,0.08201203
10320,0.074263215
10326,0.18529117
10328,0.1908691
10331,0.11904217
10336,0.12831336
10344,0.11016771
10347,0.12261974
10354,0.13668747
10357,0.1170075
10360,0.1241704
10362,0.13295007
10363,0.13397561
10372,0.14565444
10374,0.073994696
10375,0.073708296
10383,0.22293192
10388,0.10963059
10390,0.24782464
10395,0.13251676
10398,0.07566258
10401,0.06680523
10403,0.084404886
10408,0.21066774
10412,0.087619565
10414,1.0168151
10418,0.4094857
10424,0.23186319
10425,0.8343759
10444,0.22794557
10448,0.125885
10451,0.08374184
10453,0.07830447
10455,0.085110456
10459,0.1762434
10462,0.102782905
10471,0.1488868
10475,0.13488655
10485,0.07479675
10491,0.06780031
10496,0.07621016
10497,0.13937025
10499,0.13593452
10505,0.11314718
10512,0.14922631
10515,0.24348634
10519,0.2684095
10520,0.44238153
10528,0.25183913
10530,0.35613692
10533,0.43036085
10538,0.23646611
10540,0.089317046
10557,0.07759927
10562,0.17104006
10577,0.1316646
10582,0.10805329
10589,0.13885944
10593,0.19289342
10597,0.18540224
10599,0.27609938
10622,0.2708919
10626,0.22074214
10627,0.2209689
10643,0.16060881
10655,0.096552916
10657,0.16351512
10659,0.1606232
10664,0.14117849
10674,0.15915991
10681,0.19930062
10684,0.19920734
10688,0.19516256
10696,0.1750653
10698,0.17710736
10706,0.14683136
10715,0.12786262
10716,0.12010631
10722,0.1508539
10725,0.15048882
10727,0.17066151
10732,0.16065481
10736,0.1107454
10738,0.105085835
10747,0.14147927
10751,0.14490496
10758,0.13667609
10768,0.14758451
10772,0.14137357
10783,0.13354455
10791,0.10546944
10792,0.09997849
10806,0.1056387
10807,0.09559077
10811,0.12318511
10818,0.14270437
10830,0.17200756
10834,0.11224155
10838,0.09901649
10841,0.11672434
10846,0.13651413
10847,0.08252674
10849,0.15402637
10863,0.07004528
10865,0.06817478
10866,0.07827341
10872,0.0740529
10874,0.08876981
10876,0.06741991
10877,0.06692814
10879,0.07206248
10880,0.07785155
10885,0.11905177
10898,0.14401403
10900,0.18064603
10901,0.15615413
10905,0.17631412
10908,0.13781144
10909,0.097284675
10912,0.131948
10914,0.106920116
10934,0.1614483
10937,0.101183355
10939,0.15930964
10943,0.12507536
10944,0.1339124
10946,0.13790506
10952,0.08768307
10962,0.20585586
10963,0.095382825
10965,0.10479021
10970,0.099499255
10987,0.35166866
10988,0.3217002
10989,0.31220487
10990,0.32485905
10993,0.30196655
10997,0.37753394
11007,0.08138773
11009,0.094920196
11013,0.10613843
11036,0.11991622
11042,0.1822843
11046,0.15273587
11054,0.072681665
11061,0.16677374
11065,0.14073834
11072,0.17403357
11073,0.11945022
11078,0.107793756
11080,0.09752656
11082,0.12241517
11084,0.15002418
11086,0.09561489
11092,0.13598299
11099,0.14830048
11103,0.0708863
11104,0.091071546
11108,0.25074056
11109,0.23201165
11113,0.37874162
11114,0.07523543
11119,0.07294437
11120,0.17959689
11121,0.18474743
11123,0.12942216
11133,0.073352754
11149,0.0697659
11150,0.31484744
11152,0.1654926
11158,0.1336275
11161,0.14531574
11162,0.14069895
11163,0.13109165
11170,0.12556213
11181,0.07072088
11182,0.11254077
11189,0.17340264
11199,0.15092334
11207,0.06696451
11212,0.07233529
11217,0.093871586
11221,0.0960565
11223,0.079000235
11227,0.1401646
11232,0.11722529
11238,0.07410429
11240,0.061873507
11241,0.0755996
11242,0.105823606
11249,0.07449214
11253,0.1574722
11255,0.080685645
11259,0.052242063
11260,0.06478198
11261,0.05818358
11267,0.086681895
11270,0.29095483
11271,0.15378323
11276,0.071090445
11278,0.15346067
11281,0.17177169
11282,0.13775784
11285,0.12541589
11289,0.119452804
11290,0.12784183
11304,0.06904546
11311,0.31865337
11312,0.10885836
11313,0.11274817
11318,0.09603603
11325,0.060723208
11326,0.070928276
11329,0.08972962
11331,0.07631163
11332,0.081554756
11333,0.13324583
11340,0.12785318
11361,0.11227502
11363,0.116313495
11364,0.12139047
11366,0.12265937
11371,0.08458907
11381,0.066771016
11382,0.06018531
11386,0.06963506
11388,0.065493666
11402,0.07295874
11404,0.07866262
11412,0.07222472
11418,0.50907624
11419,0.38436192
11428,0.0638234
11430,0.09185703
11435,0.14964193
11445,0.12786773
11449,0.21438663
11456,0.05842317
11459,0.057189047
11460,0.05933489
11466,0.0700429
11467,0.061420303
11468,0.13150145
11469,0.13742569
11470,0.11143599
11472,0.08500981
11473,0.12880409
11475,0.13102765
11490,0.10170681
11491,0.11188938
11492,0.117120914
11499,0.10748701
11501,0.1172491
11507,0.074122116
11508,0.07955158
11514,0.086773016
11518,0.07522224
11524,0.07475905
11527,0.07101687
11530,0.06764318
11532,0.0912237
11535,0.1296185
11536,0.13117138
11538,0.07121098
11541,0.07063382
11551,0.092699185
11555,0.096675456
11562,0.06920469
11568,0.115585834
11569,0.13126072
11570,0.12398559
11573,0.09997741
11578,0.14938372
11579,0.15303724
11580,0.1628844
11587,0.15735152
11588,0.15864004
11589,0.13962522
11591,0.38954145
11598,0.10072461
11602,0.37068856
11604,0.24248523
11615,0.3846657
11617,0.19563544
11622,0.07883839
11626,0.15169445
11627,0.1439677
11629,0.07727432
11636,0.07553685
11641,0.07520893
11643,0.075228214
11648,0.07554868
11654,0.0724311
11657,0.07419545
11660,0.06964127
11664,0.067122534
11667,0.07771209
11682,0.11981235
11685,0.09861303
11686,0.10365624
11691,0.15629546
11694,0.15833426
11704,0.14495175
11705,0.2069923
11707,0.10547103
11718,0.06825766
11723,0.06508671
11735,0.064117074
11737,0.07186009
11742,0.066245645
11746,0.06741923
11749,0.06926815
11751,0.07055767
11753,0.06964135
11755,0.11388766
11761,0.20370626
11764,0.22520885
11767,0.11784082
11781,0.16126285
11785,0.11980733
11787,0.15280679
11798,0.10491064
11808,0.12739173
11810,0.12134535
11822,0.13983542
11832,0.12369326
11836,0.13417342
11839,0.0777147
11840,0.078759514
11841,0.07574007
11843,0.10477723
11844,0.11145142
11846,0.15970251
11852,0.16444711
11854,0.12173669
11855,0.12746891
11856,0.098127484
11863,0.1292677
11866,0.12980893
11872,0.13440342
11875,0.11906743
11878,0.09415202
11879,0.12667733
11882,0.12129918
11884,0.12980942
11887,0.06894584
11890,0.09220383
11893,0.12826207
11896,0.07864309
11897,0.1202191
11898,0.1327033
11904,0.13104014
11914,0.1270322
11935,0.1729484
11937,0.4439735
11938,0.98375916
11944,0.26755983
11948,0.20125681
11957,0.15288226
11964,0.13321842
11972,0.11657449
11979,0.11524618
11982,0.13922234
11987,0.13002692
11988,0.07750732
11989,0.09978839
11990,0.124049924
12013,0.24563037
12014,0.1371502
12025,0.07482895
12026,0.07580249
12027,0.07037002
12034,0.057997383
12045,0.05401925
12054,0.08330402
12055,0.06946324
12060,0.08318779
12061,0.08747951
12062,0.1250508
12064,0.11076498
12066,0.09544806
12075,0.2569648
12076,0.08830193
12078,0.20310768
12081,0.17205527
12088,0.087710425
12090,0.21521884
12092,0.08016841
12093,0.09707882
12095,0.08790394
12101,0.05974803
12103,0.07160394
12108,0.0749926
12121,0.080150485
12126,0.07943591
12139,0.10577142
12153,0.10354592
12154,0.14327894
12156,0.10198038
12159,0.123497725
12183,0.13146289
12190,0.4162842
12193,0.39195305
12200,0.13006254
12201,0.14312547
12206,0.11949147
12217,0.2401818
12228,0.4388713
12230,0.25820103
12238,0.11717057
12241,0.1828931
12249,0.22439188
12250,0.4620111
12251,0.49478924
12270,0.06573136
12274,0.13753399
12277,0.073636495
12278,0.14635743
12296,0.18009746
12297,0.1509592
12298,0.16996251
12299,0.15063256
12308,0.2824712
12314,0.093767345
12325,0.073338926
12326,0.09458794
12328,0.12809983
12331,0.12564868
12332,0.14889677
12335,0.07019901
12339,0.07902118
12348,0.31042048
12352,0.24185792
12365,0.08109754
12366,0.083003104
12367,0.080803856
12368,0.31890434
12375,0.0793525
12382,0.14241405
12385,0.15836509
12393,0.06756812
12394,0.071462326
12404,0.16773035
12405,0.11838297
12409,0.17099565
12422,0.14824875
12429,0.15570182
12436,0.10724785
12442,0.11507156
12449,0.10340099
12456,0.10378079
12457,0.10236973
12458,0.09736787
12461,0.10311195
12463,0.090083644
12468,0.10059938
12478,0.0752827
12481,0.07418342
12485,0.07431184
12487,0.07433233
12490,0.07537332
12491,0.07410383
12497,0.07771839
12498,0.078027576
12501,0.079461664
12503,0.07853533
12519,0.06636031
12521,0.0661474
12522,0.07685851
12527,0.077984214
12538,0.07412518
12543,0.09028543
12546,0.08361464
12548,0.08732466
12563,0.06967072
12569,0.07957675
12572,0.07863654
12573,0.082875386
12574,0.08204706
12575,0.0839777
12576,0.08037127
12578,0.081759915
12579,0.08221562
12591,0.07510198
12608,0.060787585
12609,0.06534312
12612,0.06373997
12613,0.06234876
12614,0.0667466
12615,0.070420384
12617,0.07000832
12621,0.07478076
12630,0.07765144
12646,0.07551691
12649,0.18397765
12653,0.13584873
12656,0.07762156
12662,0.14652213
12663,0.13957193
12675,0.14545144
12682,0.17257354
12699,0.08595823
12701,0.15380025
12703,0.117006265
12706,0.101101354
12711,0.106659144
12720,0.25583765
12725,0.11195633
12730,0.067497596
12738,0.07801065
12740,0.07816349
12748,0.107323945
12762,0.07484589
12777,0.15705234
12781,0.13164453
12788,0.114926234
12789,0.10287898
12792,0.075172395
12805,0.1357072
12809,0.1321896
12813,0.13170715
12814,0.14792189
12819,0.11487914
12821,0.15348661
12824,0.09746596
12826,0.08485052
12829,0.20006566
12842,0.18441637
12844,0.38414472
12845,0.30058318
12867,0.13473845
12873,0.202176
12883,0.13528635
12884,0.12885442
12886,0.14064798
12888,0.15483806
12892,0.1678518
12893,0.15386778
12906,0.122495726
12909,0.14820178
12913,0.1441292
12924,0.14358544
12935,0.13502543
12937,0.0984707
12939,0.08864631
12943,0.1656599
12944,0.14090376
12949,0.13741894
12950,0.14090598
12955,0.13169764
12961,0.1635512
12963,0.17080462
12970,0.107297815
12979,0.07343783
12980,0.10251696
12985,0.12612921
12987,0.1422097
12989,0.13140145
12993,0.15082377
13036,0.26629883
13040,0.13586001
13042,0.108926445
13048,0.30456722
13064,0.5282651
13076,0.21812512
13080,0.07284492
13081,0.069290385
13085,0.07033805
13089,0.4437611
13091,0.15870993
13092,0.07194639
13094,0.13873184
13099,0.20094836
13105,0.11695811
13106,0.12065676
13108,0.104996964
13112,0.13675383
13114,0.086320475
13119,0.17048414
13121,0.19950996
13124,0.18719056
13126,0.4490279
13134,0.26300576
13135,0.2696875
13137,0.7876548
13141,0.29123086
13146,0.10153946
13147,0.13030297
